"Hash","KeptPath","ArchivedOriginalPath","ArchivedPath"
"B1DAFC4746E09A45C93F5C73C67BBF374EC0F60430E1747EB762B8D1F90DB7B3","04_legacy_screenshots\tix_cassa\2026-06-21_cassa_audit\00_auth_open.png","04_legacy_screenshots\raw_misc\2026-06-21_mixed_capture\00_auth_open.png","99_archive_duplicates\exact_hash_duplicates\04_legacy_screenshots\raw_misc\2026-06-21_mixed_capture\00_auth_open.png"
"4E5AD3243FFB1561ECC0F6D6F22E58E0ACD2EA62BFBAF43BDB3FB27D1E9D96A0","04_legacy_screenshots\tix_cassa\2026-06-21_cassa_audit\01_auth_open_retry.png","04_legacy_screenshots\raw_misc\2026-06-21_mixed_capture\01_auth_open_retry.png","99_archive_duplicates\exact_hash_duplicates\04_legacy_screenshots\raw_misc\2026-06-21_mixed_capture\01_auth_open_retry.png"
"25014AC947D2008C62C925B0DE8CDD8DDECA0B2AB0040DB470F7D73B79DB86AD","04_legacy_screenshots\raw_misc\2026-06-21_mixed_capture\01_reports.png","04_legacy_screenshots\raw_misc\2026-06-21_mixed_capture\02_mailing.png","99_archive_duplicates\exact_hash_duplicates\04_legacy_screenshots\raw_misc\2026-06-21_mixed_capture\02_mailing.png"
"25014AC947D2008C62C925B0DE8CDD8DDECA0B2AB0040DB470F7D73B79DB86AD","04_legacy_screenshots\raw_misc\2026-06-21_mixed_capture\01_reports.png","04_legacy_screenshots\raw_misc\2026-06-21_mixed_capture\03_quotas.png","99_archive_duplicates\exact_hash_duplicates\04_legacy_screenshots\raw_misc\2026-06-21_mixed_capture\03_quotas.png"
"25014AC947D2008C62C925B0DE8CDD8DDECA0B2AB0040DB470F7D73B79DB86AD","04_legacy_screenshots\raw_misc\2026-06-21_mixed_capture\01_reports.png","04_legacy_screenshots\raw_misc\2026-06-21_mixed_capture\04_macs.png","99_archive_duplicates\exact_hash_duplicates\04_legacy_screenshots\raw_misc\2026-06-21_mixed_capture\04_macs.png"
"25014AC947D2008C62C925B0DE8CDD8DDECA0B2AB0040DB470F7D73B79DB86AD","04_legacy_screenshots\raw_misc\2026-06-21_mixed_capture\01_reports.png","04_legacy_screenshots\raw_misc\2026-06-21_mixed_capture\05_work_shifts.png","99_archive_duplicates\exact_hash_duplicates\04_legacy_screenshots\raw_misc\2026-06-21_mixed_capture\05_work_shifts.png"
"25014AC947D2008C62C925B0DE8CDD8DDECA0B2AB0040DB470F7D73B79DB86AD","04_legacy_screenshots\raw_misc\2026-06-21_mixed_capture\01_reports.png","04_legacy_screenshots\raw_misc\2026-06-21_mixed_capture\06_statistics.png","99_archive_duplicates\exact_hash_duplicates\04_legacy_screenshots\raw_misc\2026-06-21_mixed_capture\06_statistics.png"
"E1EFBE73C78E59993B499815A4919D7480BDB48F78D4EB227433B785CDDC1A29","04_legacy_screenshots\tix_cassa\2026-06-21_cassa_audit\02_current_root.png","04_legacy_screenshots\tix_cassa\2026-06-21_cassa_audit\03_printer_dialog.png","99_archive_duplicates\exact_hash_duplicates\04_legacy_screenshots\tix_cassa\2026-06-21_cassa_audit\03_printer_dialog.png"
"E1EFBE73C78E59993B499815A4919D7480BDB48F78D4EB227433B785CDDC1A29","04_legacy_screenshots\tix_cassa\2026-06-21_cassa_audit\02_current_root.png","04_legacy_screenshots\raw_misc\2026-06-21_mixed_capture\02_current_root.png","99_archive_duplicates\exact_hash_duplicates\04_legacy_screenshots\raw_misc\2026-06-21_mixed_capture\02_current_root.png"
"E1EFBE73C78E59993B499815A4919D7480BDB48F78D4EB227433B785CDDC1A29","04_legacy_screenshots\tix_cassa\2026-06-21_cassa_audit\02_current_root.png","04_legacy_screenshots\raw_misc\2026-06-21_mixed_capture\03_printer_dialog.png","99_archive_duplicates\exact_hash_duplicates\04_legacy_screenshots\raw_misc\2026-06-21_mixed_capture\03_printer_dialog.png"
"7DF3393E013F79B86C5FBAE927E23AFD929AD9FD50E81E268187B42B43DCE9A5","04_legacy_screenshots\tix_cassa\2026-06-21_cassa_audit\04_after_printer_ok.png","04_legacy_screenshots\raw_misc\2026-06-21_mixed_capture\04_after_printer_ok.png","99_archive_duplicates\exact_hash_duplicates\04_legacy_screenshots\raw_misc\2026-06-21_mixed_capture\04_after_printer_ok.png"
"31024E9E90912D3B5209B5E74B7BDA3937C4E0A0532ACD6A76CBC612A17CF781","04_legacy_screenshots\tix_cassa\2026-06-21_cassa_audit\05_template_dialog.png","04_legacy_screenshots\raw_misc\2026-06-21_mixed_capture\05_template_dialog.png","99_archive_duplicates\exact_hash_duplicates\04_legacy_screenshots\raw_misc\2026-06-21_mixed_capture\05_template_dialog.png"
"F19AF4BE8BDBFBC613D3A183013C127D7643E4CAAE85CA9236E68C87FAA8905C","04_legacy_screenshots\tix_cassa\2026-06-21_cassa_audit\06_after_template_ok.png","04_legacy_screenshots\raw_misc\2026-06-21_mixed_capture\06_after_template_ok.png","99_archive_duplicates\exact_hash_duplicates\04_legacy_screenshots\raw_misc\2026-06-21_mixed_capture\06_after_template_ok.png"
"39A940EE5B6150CCBFB236533E2B026F2C819F4C534DBDBD22F27A5C8C6A0983","04_legacy_screenshots\tix_cassa\2026-06-21_cassa_audit\07_event_selected.png","04_legacy_screenshots\raw_misc\2026-06-21_mixed_capture\07_event_selected.png","99_archive_duplicates\exact_hash_duplicates\04_legacy_screenshots\raw_misc\2026-06-21_mixed_capture\07_event_selected.png"
"B12E5FDE980B5B44A95B4E63CE3434C1CCE1C7FE1A7EBE0590AFE1E3F96A2F22","04_legacy_screenshots\tix_cassa\2026-06-21_cassa_audit\08_need_shift_alert.png","04_legacy_screenshots\raw_misc\2026-06-21_mixed_capture\08_need_shift_alert.png","99_archive_duplicates\exact_hash_duplicates\04_legacy_screenshots\raw_misc\2026-06-21_mixed_capture\08_need_shift_alert.png"
"B2AD36DCCFAFBBFF42F7640F869ACB7A1F1B61B74794A5B51058968B0A4A0B1B","04_legacy_screenshots\tix_cassa\2026-06-21_cassa_audit\09_after_alert_ok.png","04_legacy_screenshots\raw_misc\2026-06-21_mixed_capture\09_after_alert_ok.png","99_archive_duplicates\exact_hash_duplicates\04_legacy_screenshots\raw_misc\2026-06-21_mixed_capture\09_after_alert_ok.png"
"9017F23D66D224EB7BBE2E9BFDBB8C51301A0239E202AFFCFCD79E903BD9EBA8","04_legacy_screenshots\tix_cassa\2026-06-21_cassa_audit\10_menu_cash_shift_open.png","04_legacy_screenshots\raw_misc\2026-06-21_mixed_capture\10_menu_cash_shift_open.png","99_archive_duplicates\exact_hash_duplicates\04_legacy_screenshots\raw_misc\2026-06-21_mixed_capture\10_menu_cash_shift_open.png"
"13518CF6B067DC24D7117503FFE07384A81691C19FE893F578365BD9CE1C4B75","04_legacy_screenshots\raw_misc\2026-06-21_mixed_capture\11_event_organizer_open.png","04_legacy_screenshots\raw_misc\2026-06-21_mixed_capture\12_agent_open.png","99_archive_duplicates\exact_hash_duplicates\04_legacy_screenshots\raw_misc\2026-06-21_mixed_capture\12_agent_open.png"
"C49786162B49403791D3C1B646F0D65E8BD4A42199A06AFC36B08E0E9F108F72","04_legacy_screenshots\tix_cassa\2026-06-21_cassa_audit\11_shift_open_clicked.png","04_legacy_screenshots\raw_misc\2026-06-21_mixed_capture\11_shift_open_clicked.png","99_archive_duplicates\exact_hash_duplicates\04_legacy_screenshots\raw_misc\2026-06-21_mixed_capture\11_shift_open_clicked.png"
"07180372E93DAF2AAE42B594AD1C85013699633B2410514B449FE8A43F415B7E","04_legacy_screenshots\tix_cassa\2026-06-21_cassa_audit\12_menu_keyboard_attempt.png","04_legacy_screenshots\raw_misc\2026-06-21_mixed_capture\12_menu_keyboard_attempt.png","99_archive_duplicates\exact_hash_duplicates\04_legacy_screenshots\raw_misc\2026-06-21_mixed_capture\12_menu_keyboard_attempt.png"
"059995DF37C1BF189AF22495CA9FACA55D5F53DA4BFF87EE297C27E574A4D14A","04_legacy_screenshots\raw_misc\2026-06-21_mixed_capture\13_frontend_open.png","04_legacy_screenshots\raw_misc\2026-06-21_mixed_capture\14_city_open.png","99_archive_duplicates\exact_hash_duplicates\04_legacy_screenshots\raw_misc\2026-06-21_mixed_capture\14_city_open.png"
"059995DF37C1BF189AF22495CA9FACA55D5F53DA4BFF87EE297C27E574A4D14A","04_legacy_screenshots\raw_misc\2026-06-21_mixed_capture\13_frontend_open.png","04_legacy_screenshots\raw_misc\2026-06-21_mixed_capture\15_venue_open.png","99_archive_duplicates\exact_hash_duplicates\04_legacy_screenshots\raw_misc\2026-06-21_mixed_capture\15_venue_open.png"
"059995DF37C1BF189AF22495CA9FACA55D5F53DA4BFF87EE297C27E574A4D14A","04_legacy_screenshots\raw_misc\2026-06-21_mixed_capture\13_frontend_open.png","04_legacy_screenshots\raw_misc\2026-06-21_mixed_capture\16_event_open.png","99_archive_duplicates\exact_hash_duplicates\04_legacy_screenshots\raw_misc\2026-06-21_mixed_capture\16_event_open.png"
"059995DF37C1BF189AF22495CA9FACA55D5F53DA4BFF87EE297C27E574A4D14A","04_legacy_screenshots\raw_misc\2026-06-21_mixed_capture\13_frontend_open.png","04_legacy_screenshots\raw_misc\2026-06-21_mixed_capture\17_session_open.png","99_archive_duplicates\exact_hash_duplicates\04_legacy_screenshots\raw_misc\2026-06-21_mixed_capture\17_session_open.png"
"059995DF37C1BF189AF22495CA9FACA55D5F53DA4BFF87EE297C27E574A4D14A","04_legacy_screenshots\raw_misc\2026-06-21_mixed_capture\13_frontend_open.png","04_legacy_screenshots\raw_misc\2026-06-21_mixed_capture\18_ets_gateway_open.png","99_archive_duplicates\exact_hash_duplicates\04_legacy_screenshots\raw_misc\2026-06-21_mixed_capture\18_ets_gateway_open.png"
"059995DF37C1BF189AF22495CA9FACA55D5F53DA4BFF87EE297C27E574A4D14A","04_legacy_screenshots\raw_misc\2026-06-21_mixed_capture\13_frontend_open.png","04_legacy_screenshots\raw_misc\2026-06-21_mixed_capture\19_connection_to_ets_open.png","99_archive_duplicates\exact_hash_duplicates\04_legacy_screenshots\raw_misc\2026-06-21_mixed_capture\19_connection_to_ets_open.png"
"059995DF37C1BF189AF22495CA9FACA55D5F53DA4BFF87EE297C27E574A4D14A","04_legacy_screenshots\raw_misc\2026-06-21_mixed_capture\13_frontend_open.png","04_legacy_screenshots\raw_misc\2026-06-21_mixed_capture\20_period_open.png","99_archive_duplicates\exact_hash_duplicates\04_legacy_screenshots\raw_misc\2026-06-21_mixed_capture\20_period_open.png"
"059995DF37C1BF189AF22495CA9FACA55D5F53DA4BFF87EE297C27E574A4D14A","04_legacy_screenshots\raw_misc\2026-06-21_mixed_capture\13_frontend_open.png","04_legacy_screenshots\raw_misc\2026-06-21_mixed_capture\21_from_date_button.png","99_archive_duplicates\exact_hash_duplicates\04_legacy_screenshots\raw_misc\2026-06-21_mixed_capture\21_from_date_button.png"
"059995DF37C1BF189AF22495CA9FACA55D5F53DA4BFF87EE297C27E574A4D14A","04_legacy_screenshots\raw_misc\2026-06-21_mixed_capture\13_frontend_open.png","04_legacy_screenshots\raw_misc\2026-06-21_mixed_capture\22_to_date_button.png","99_archive_duplicates\exact_hash_duplicates\04_legacy_screenshots\raw_misc\2026-06-21_mixed_capture\22_to_date_button.png"
"059995DF37C1BF189AF22495CA9FACA55D5F53DA4BFF87EE297C27E574A4D14A","04_legacy_screenshots\raw_misc\2026-06-21_mixed_capture\13_frontend_open.png","04_legacy_screenshots\raw_misc\2026-06-21_mixed_capture\23_statuses_submit.png","99_archive_duplicates\exact_hash_duplicates\04_legacy_screenshots\raw_misc\2026-06-21_mixed_capture\23_statuses_submit.png"
"059995DF37C1BF189AF22495CA9FACA55D5F53DA4BFF87EE297C27E574A4D14A","04_legacy_screenshots\raw_misc\2026-06-21_mixed_capture\13_frontend_open.png","04_legacy_screenshots\raw_misc\2026-06-21_mixed_capture\30_tab_reports.png","99_archive_duplicates\exact_hash_duplicates\04_legacy_screenshots\raw_misc\2026-06-21_mixed_capture\30_tab_reports.png"
"059995DF37C1BF189AF22495CA9FACA55D5F53DA4BFF87EE297C27E574A4D14A","04_legacy_screenshots\raw_misc\2026-06-21_mixed_capture\13_frontend_open.png","04_legacy_screenshots\raw_misc\2026-06-21_mixed_capture\31_tab_mailing.png","99_archive_duplicates\exact_hash_duplicates\04_legacy_screenshots\raw_misc\2026-06-21_mixed_capture\31_tab_mailing.png"
"059995DF37C1BF189AF22495CA9FACA55D5F53DA4BFF87EE297C27E574A4D14A","04_legacy_screenshots\raw_misc\2026-06-21_mixed_capture\13_frontend_open.png","04_legacy_screenshots\raw_misc\2026-06-21_mixed_capture\32_tab_quotas.png","99_archive_duplicates\exact_hash_duplicates\04_legacy_screenshots\raw_misc\2026-06-21_mixed_capture\32_tab_quotas.png"
"059995DF37C1BF189AF22495CA9FACA55D5F53DA4BFF87EE297C27E574A4D14A","04_legacy_screenshots\raw_misc\2026-06-21_mixed_capture\13_frontend_open.png","04_legacy_screenshots\raw_misc\2026-06-21_mixed_capture\33_tab_macs.png","99_archive_duplicates\exact_hash_duplicates\04_legacy_screenshots\raw_misc\2026-06-21_mixed_capture\33_tab_macs.png"
"059995DF37C1BF189AF22495CA9FACA55D5F53DA4BFF87EE297C27E574A4D14A","04_legacy_screenshots\raw_misc\2026-06-21_mixed_capture\13_frontend_open.png","04_legacy_screenshots\raw_misc\2026-06-21_mixed_capture\34_tab_work_shifts.png","99_archive_duplicates\exact_hash_duplicates\04_legacy_screenshots\raw_misc\2026-06-21_mixed_capture\34_tab_work_shifts.png"
"059995DF37C1BF189AF22495CA9FACA55D5F53DA4BFF87EE297C27E574A4D14A","04_legacy_screenshots\raw_misc\2026-06-21_mixed_capture\13_frontend_open.png","04_legacy_screenshots\raw_misc\2026-06-21_mixed_capture\35_tab_statistics.png","99_archive_duplicates\exact_hash_duplicates\04_legacy_screenshots\raw_misc\2026-06-21_mixed_capture\35_tab_statistics.png"
"059995DF37C1BF189AF22495CA9FACA55D5F53DA4BFF87EE297C27E574A4D14A","04_legacy_screenshots\raw_misc\2026-06-21_mixed_capture\13_frontend_open.png","04_legacy_screenshots\raw_misc\2026-06-21_mixed_capture\36_submit_clicked.png","99_archive_duplicates\exact_hash_duplicates\04_legacy_screenshots\raw_misc\2026-06-21_mixed_capture\36_submit_clicked.png"
"059995DF37C1BF189AF22495CA9FACA55D5F53DA4BFF87EE297C27E574A4D14A","04_legacy_screenshots\raw_misc\2026-06-21_mixed_capture\13_frontend_open.png","04_legacy_screenshots\raw_misc\2026-06-21_mixed_capture\40_toggle_actual.png","99_archive_duplicates\exact_hash_duplicates\04_legacy_screenshots\raw_misc\2026-06-21_mixed_capture\40_toggle_actual.png"
"059995DF37C1BF189AF22495CA9FACA55D5F53DA4BFF87EE297C27E574A4D14A","04_legacy_screenshots\raw_misc\2026-06-21_mixed_capture\13_frontend_open.png","04_legacy_screenshots\raw_misc\2026-06-21_mixed_capture\41_toggle_all_sales.png","99_archive_duplicates\exact_hash_duplicates\04_legacy_screenshots\raw_misc\2026-06-21_mixed_capture\41_toggle_all_sales.png"
"059995DF37C1BF189AF22495CA9FACA55D5F53DA4BFF87EE297C27E574A4D14A","04_legacy_screenshots\raw_misc\2026-06-21_mixed_capture\13_frontend_open.png","04_legacy_screenshots\raw_misc\2026-06-21_mixed_capture\42_toggle_all_statuses.png","99_archive_duplicates\exact_hash_duplicates\04_legacy_screenshots\raw_misc\2026-06-21_mixed_capture\42_toggle_all_statuses.png"
"059995DF37C1BF189AF22495CA9FACA55D5F53DA4BFF87EE297C27E574A4D14A","04_legacy_screenshots\raw_misc\2026-06-21_mixed_capture\13_frontend_open.png","04_legacy_screenshots\raw_misc\2026-06-21_mixed_capture\43_toggle_orders_only.png","99_archive_duplicates\exact_hash_duplicates\04_legacy_screenshots\raw_misc\2026-06-21_mixed_capture\43_toggle_orders_only.png"
"059995DF37C1BF189AF22495CA9FACA55D5F53DA4BFF87EE297C27E574A4D14A","04_legacy_screenshots\raw_misc\2026-06-21_mixed_capture\13_frontend_open.png","04_legacy_screenshots\raw_misc\2026-06-21_mixed_capture\44_period_dropdown.png","99_archive_duplicates\exact_hash_duplicates\04_legacy_screenshots\raw_misc\2026-06-21_mixed_capture\44_period_dropdown.png"
"059995DF37C1BF189AF22495CA9FACA55D5F53DA4BFF87EE297C27E574A4D14A","04_legacy_screenshots\raw_misc\2026-06-21_mixed_capture\13_frontend_open.png","04_legacy_screenshots\raw_misc\2026-06-21_mixed_capture\45_from_date_button.png","99_archive_duplicates\exact_hash_duplicates\04_legacy_screenshots\raw_misc\2026-06-21_mixed_capture\45_from_date_button.png"
"059995DF37C1BF189AF22495CA9FACA55D5F53DA4BFF87EE297C27E574A4D14A","04_legacy_screenshots\raw_misc\2026-06-21_mixed_capture\13_frontend_open.png","04_legacy_screenshots\raw_misc\2026-06-21_mixed_capture\46_to_date_button.png","99_archive_duplicates\exact_hash_duplicates\04_legacy_screenshots\raw_misc\2026-06-21_mixed_capture\46_to_date_button.png"
"059995DF37C1BF189AF22495CA9FACA55D5F53DA4BFF87EE297C27E574A4D14A","04_legacy_screenshots\raw_misc\2026-06-21_mixed_capture\13_frontend_open.png","04_legacy_screenshots\raw_misc\2026-06-21_mixed_capture\47_final_clean.png","99_archive_duplicates\exact_hash_duplicates\04_legacy_screenshots\raw_misc\2026-06-21_mixed_capture\47_final_clean.png"
"059995DF37C1BF189AF22495CA9FACA55D5F53DA4BFF87EE297C27E574A4D14A","04_legacy_screenshots\raw_misc\2026-06-21_mixed_capture\13_frontend_open.png","04_legacy_screenshots\raw_misc\2026-06-21_mixed_capture\48_quotas_tab_menu.png","99_archive_duplicates\exact_hash_duplicates\04_legacy_screenshots\raw_misc\2026-06-21_mixed_capture\48_quotas_tab_menu.png"
"059995DF37C1BF189AF22495CA9FACA55D5F53DA4BFF87EE297C27E574A4D14A","04_legacy_screenshots\raw_misc\2026-06-21_mixed_capture\13_frontend_open.png","04_legacy_screenshots\raw_misc\2026-06-21_mixed_capture\49_macs_tab_menu.png","99_archive_duplicates\exact_hash_duplicates\04_legacy_screenshots\raw_misc\2026-06-21_mixed_capture\49_macs_tab_menu.png"
"04CD7420164BBEDAF224591949BEEB49B0261F755322CCEE7760F66A164C72AC","04_legacy_screenshots\tix_cassa\2026-06-21_cassa_audit\14_after_shift_ok.png","04_legacy_screenshots\raw_misc\2026-06-21_mixed_capture\14_after_shift_ok.png","99_archive_duplicates\exact_hash_duplicates\04_legacy_screenshots\raw_misc\2026-06-21_mixed_capture\14_after_shift_ok.png"
"D60412E1BCBDE6539EF57F6A873C56457D922E9EB6F10851804EB161B20E71EF","04_legacy_screenshots\tix_cassa\2026-06-21_cassa_audit\15_event_doubleclick.png","04_legacy_screenshots\raw_misc\2026-06-21_mixed_capture\15_event_doubleclick.png","99_archive_duplicates\exact_hash_duplicates\04_legacy_screenshots\raw_misc\2026-06-21_mixed_capture\15_event_doubleclick.png"
"0F25E4044E4A96727D96B5F5B88D341A59EC68457EA009BB358BD30C31CE242B","04_legacy_screenshots\tix_cassa\2026-06-21_cassa_audit\16_need_shift_alert_again.png","04_legacy_screenshots\raw_misc\2026-06-21_mixed_capture\16_need_shift_alert_again.png","99_archive_duplicates\exact_hash_duplicates\04_legacy_screenshots\raw_misc\2026-06-21_mixed_capture\16_need_shift_alert_again.png"
"3B7F6692D8879434AF35D36867D28A039D42BCD87BF697969979C696B60E2A73","04_legacy_screenshots\tix_cassa\2026-06-21_cassa_audit\17_after_shift_alert_close.png","04_legacy_screenshots\raw_misc\2026-06-21_mixed_capture\17_after_shift_alert_close.png","99_archive_duplicates\exact_hash_duplicates\04_legacy_screenshots\raw_misc\2026-06-21_mixed_capture\17_after_shift_alert_close.png"
"20A69454641171BFCF9AE16CF2A3E9CFF333886292246068453620444C0D56E3","04_legacy_screenshots\tix_cassa\2026-06-21_cassa_audit\18_vnc_root_after_launch.png","04_legacy_screenshots\raw_misc\2026-06-21_mixed_capture\18_vnc_root_after_launch.png","99_archive_duplicates\exact_hash_duplicates\04_legacy_screenshots\raw_misc\2026-06-21_mixed_capture\18_vnc_root_after_launch.png"
"60A5310B12D3956F175EBD7BDEBCB9CDC43E36F88FB1BA059FF18225F668CC1A","04_legacy_screenshots\tix_cassa\2026-06-21_cassa_audit\19_current_before_purchase.png","04_legacy_screenshots\raw_misc\2026-06-21_mixed_capture\19_current_before_purchase.png","99_archive_duplicates\exact_hash_duplicates\04_legacy_screenshots\raw_misc\2026-06-21_mixed_capture\19_current_before_purchase.png"
"413668C9A10376421001EABCB5598B627069500AE99ACF4AE5F075CA11F92761","04_legacy_screenshots\tix_cassa\2026-06-21_cassa_audit\20_event_click.png","04_legacy_screenshots\tix_cassa\2026-06-21_cassa_audit\21_plus_general_admission.png","99_archive_duplicates\exact_hash_duplicates\04_legacy_screenshots\tix_cassa\2026-06-21_cassa_audit\21_plus_general_admission.png"
"413668C9A10376421001EABCB5598B627069500AE99ACF4AE5F075CA11F92761","04_legacy_screenshots\tix_cassa\2026-06-21_cassa_audit\20_event_click.png","04_legacy_screenshots\tix_cassa\2026-06-21_cassa_audit\22_plus_general_admission_retry.png","99_archive_duplicates\exact_hash_duplicates\04_legacy_screenshots\tix_cassa\2026-06-21_cassa_audit\22_plus_general_admission_retry.png"
"413668C9A10376421001EABCB5598B627069500AE99ACF4AE5F075CA11F92761","04_legacy_screenshots\tix_cassa\2026-06-21_cassa_audit\20_event_click.png","04_legacy_screenshots\raw_misc\2026-06-21_mixed_capture\20_event_click.png","99_archive_duplicates\exact_hash_duplicates\04_legacy_screenshots\raw_misc\2026-06-21_mixed_capture\20_event_click.png"
"413668C9A10376421001EABCB5598B627069500AE99ACF4AE5F075CA11F92761","04_legacy_screenshots\tix_cassa\2026-06-21_cassa_audit\20_event_click.png","04_legacy_screenshots\raw_misc\2026-06-21_mixed_capture\21_plus_general_admission.png","99_archive_duplicates\exact_hash_duplicates\04_legacy_screenshots\raw_misc\2026-06-21_mixed_capture\21_plus_general_admission.png"
"413668C9A10376421001EABCB5598B627069500AE99ACF4AE5F075CA11F92761","04_legacy_screenshots\tix_cassa\2026-06-21_cassa_audit\20_event_click.png","04_legacy_screenshots\raw_misc\2026-06-21_mixed_capture\22_plus_general_admission_retry.png","99_archive_duplicates\exact_hash_duplicates\04_legacy_screenshots\raw_misc\2026-06-21_mixed_capture\22_plus_general_admission_retry.png"
"4081EE457186172EB5337007550D42BE019C4F84EFF351A6B547C48C996870CC","04_legacy_screenshots\tix_cassa\2026-06-21_cassa_audit\23_plus_window_relative.png","04_legacy_screenshots\raw_misc\2026-06-21_mixed_capture\23_plus_window_relative.png","99_archive_duplicates\exact_hash_duplicates\04_legacy_screenshots\raw_misc\2026-06-21_mixed_capture\23_plus_window_relative.png"
"DABD542A4611CE080626FDD7B65B96614B7D4E9E0379F2ECCD2FA7DC1A25CE3A","04_legacy_screenshots\tix_cassa\2026-06-21_cassa_audit\24_general_doubleclick.png","04_legacy_screenshots\tix_cassa\2026-06-21_cassa_audit\25_general_text_doubleclick.png","99_archive_duplicates\exact_hash_duplicates\04_legacy_screenshots\tix_cassa\2026-06-21_cassa_audit\25_general_text_doubleclick.png"
"DABD542A4611CE080626FDD7B65B96614B7D4E9E0379F2ECCD2FA7DC1A25CE3A","04_legacy_screenshots\tix_cassa\2026-06-21_cassa_audit\24_general_doubleclick.png","04_legacy_screenshots\raw_misc\2026-06-21_mixed_capture\24_general_doubleclick.png","99_archive_duplicates\exact_hash_duplicates\04_legacy_screenshots\raw_misc\2026-06-21_mixed_capture\24_general_doubleclick.png"
"DABD542A4611CE080626FDD7B65B96614B7D4E9E0379F2ECCD2FA7DC1A25CE3A","04_legacy_screenshots\tix_cassa\2026-06-21_cassa_audit\24_general_doubleclick.png","04_legacy_screenshots\raw_misc\2026-06-21_mixed_capture\25_general_text_doubleclick.png","99_archive_duplicates\exact_hash_duplicates\04_legacy_screenshots\raw_misc\2026-06-21_mixed_capture\25_general_text_doubleclick.png"
"36E1EC411CDD1DFFEAE27D371382D392CE7244A77EE3B15D845D19EC706C8C5C","04_legacy_screenshots\tix_cassa\2026-06-21_cassa_audit\26_tab_cycle.png","04_legacy_screenshots\raw_misc\2026-06-21_mixed_capture\26_tab_cycle.png","99_archive_duplicates\exact_hash_duplicates\04_legacy_screenshots\raw_misc\2026-06-21_mixed_capture\26_tab_cycle.png"
"4179B9035E32A14AC45DA25F51FB5154367868E426571ACAA774CF1FCF31955D","04_legacy_screenshots\tix_cassa\2026-06-21_cassa_audit\27_click_plus_keypad_add.png","04_legacy_screenshots\raw_misc\2026-06-21_mixed_capture\27_click_plus_keypad_add.png","99_archive_duplicates\exact_hash_duplicates\04_legacy_screenshots\raw_misc\2026-06-21_mixed_capture\27_click_plus_keypad_add.png"
"C199E801DADD5EDA427449403D91DAD802F622F10A5AF3D4F002DC28DB36F334","04_legacy_screenshots\tix_cassa\2026-06-21_cassa_audit\28_bruteforce_plus_grid.png","04_legacy_screenshots\raw_misc\2026-06-21_mixed_capture\28_bruteforce_plus_grid.png","99_archive_duplicates\exact_hash_duplicates\04_legacy_screenshots\raw_misc\2026-06-21_mixed_capture\28_bruteforce_plus_grid.png"
"D647AF4398B3CFCBFE5B42FB2115483CCC480824D919F9D8D2D5F3A23EA7CC21","04_legacy_screenshots\tix_cassa\2026-06-21_cassa_audit\29_tab10_add_return.png","04_legacy_screenshots\raw_misc\2026-06-21_mixed_capture\29_tab10_add_return.png","99_archive_duplicates\exact_hash_duplicates\04_legacy_screenshots\raw_misc\2026-06-21_mixed_capture\29_tab10_add_return.png"
"D2DCAFC8798BD123AB5F247B433714ADB87AC294F3F554EAC291C13B1457EACA","04_legacy_screenshots\tix_cassa\2026-06-21_cassa_audit\31_broad_click_row.png","04_legacy_screenshots\raw_misc\2026-06-21_mixed_capture\31_broad_click_row.png","99_archive_duplicates\exact_hash_duplicates\04_legacy_screenshots\raw_misc\2026-06-21_mixed_capture\31_broad_click_row.png"
"1E59441E90D7AF39B195392FD3B2A249B8EF3A45A11A96C9B132558FD7FB7DC4","04_legacy_screenshots\tix_cassa\2026-06-21_cassa_audit\32_click_down_space.png","04_legacy_screenshots\raw_misc\2026-06-21_mixed_capture\32_click_down_space.png","99_archive_duplicates\exact_hash_duplicates\04_legacy_screenshots\raw_misc\2026-06-21_mixed_capture\32_click_down_space.png"
"C40F532FACBB625BF2C4B554887459E530CEA48B782A55572D68654B14A3D2E3","04_legacy_screenshots\tix_editor\2026-06-12_editor_audit\00_current.png","04_legacy_screenshots\tix_editor\2026-06-12_editor_audit\01_after_activate.png","99_archive_duplicates\exact_hash_duplicates\04_legacy_screenshots\tix_editor\2026-06-12_editor_audit\01_after_activate.png"
"C40F532FACBB625BF2C4B554887459E530CEA48B782A55572D68654B14A3D2E3","04_legacy_screenshots\tix_editor\2026-06-12_editor_audit\00_current.png","04_legacy_screenshots\tix_editor\2026-06-12_editor_audit\02_mapped_console.png","99_archive_duplicates\exact_hash_duplicates\04_legacy_screenshots\tix_editor\2026-06-12_editor_audit\02_mapped_console.png"
"B636E372C3EBE2FFC3D50D6A666DE8BF9089789039537610DA98E9F6DB0D21AE","04_legacy_screenshots\tix_editor\2026-06-12_editor_audit\03_raise_frame.png","04_legacy_screenshots\tix_editor\2026-06-12_editor_audit\04_after_wait.png","99_archive_duplicates\exact_hash_duplicates\04_legacy_screenshots\tix_editor\2026-06-12_editor_audit\04_after_wait.png"
"E76EB8EB642012BBDB0D4F9E5A5C2A92C592DB83B8E82F51CB758B399EC31E1F","04_legacy_screenshots\tix_editor\2026-06-12_editor_audit\05_altz.png","04_legacy_screenshots\tix_editor\2026-06-12_editor_audit\06_tabs.png","99_archive_duplicates\exact_hash_duplicates\04_legacy_screenshots\tix_editor\2026-06-12_editor_audit\06_tabs.png"
"A1F2B3BD2BF077A46CBC3CC126BBB2182EB9D289BA1FB219BA82DC8A29DBA9AD","04_legacy_screenshots\tix_editor\2026-06-12_editor_audit\101_add_city_dialog.png","04_legacy_screenshots\tix_editor\2026-06-12_editor_audit\102_city_timezone_dropdown.png","99_archive_duplicates\exact_hash_duplicates\04_legacy_screenshots\tix_editor\2026-06-12_editor_audit\102_city_timezone_dropdown.png"
"2211D7FC00726F9CE12D5AAA17AF27E569DE839A92DBFC4D74FDBC32485E46D7","04_legacy_screenshots\tix_editor\2026-06-12_editor_audit\103_after_city_ok.png","04_legacy_screenshots\tix_editor\2026-06-12_editor_audit\104_city_timezone_list.png","99_archive_duplicates\exact_hash_duplicates\04_legacy_screenshots\tix_editor\2026-06-12_editor_audit\104_city_timezone_list.png"
"DFC4675AEF03935C489ED57BAB8652C3ED23A8826DAA2A0848000F8E2A1B15B0","04_legacy_screenshots\tix_editor\2026-06-12_editor_audit\107_city_timezone_typed.png","04_legacy_screenshots\tix_editor\2026-06-12_editor_audit\108_time_zone_search.png","99_archive_duplicates\exact_hash_duplicates\04_legacy_screenshots\tix_editor\2026-06-12_editor_audit\108_time_zone_search.png"
"F23673578D7A46F87AA3A2CCE8A7925029989F902DC82D49344B811B071AF2E9","04_legacy_screenshots\tix_editor\2026-06-12_editor_audit\109_timezone_pagedown.png","04_legacy_screenshots\tix_editor\2026-06-12_editor_audit\110_error_closed_state.png","99_archive_duplicates\exact_hash_duplicates\04_legacy_screenshots\tix_editor\2026-06-12_editor_audit\110_error_closed_state.png"
"C23DBF6C70FE3913D3C7BA2A771E52D0932D7FB8A2BF92504093AD41C469BA7C","04_legacy_screenshots\tix_editor\2026-06-12_editor_audit\111_error_after_return.png","04_legacy_screenshots\tix_editor\2026-06-12_editor_audit\112_tab_return_error.png","99_archive_duplicates\exact_hash_duplicates\04_legacy_screenshots\tix_editor\2026-06-12_editor_audit\112_tab_return_error.png"
"0B662F5AF87D2168F6B9B775F7B72EEDF42C0D96FE89BD8552918B86CC30E519","04_legacy_screenshots\tix_editor\2026-06-12_editor_audit\116_timezone_selected.png","04_legacy_screenshots\tix_editor\2026-06-12_editor_audit\117_timezone_row_clicked.png","99_archive_duplicates\exact_hash_duplicates\04_legacy_screenshots\tix_editor\2026-06-12_editor_audit\117_timezone_row_clicked.png"
"026A2260790F5CADB5DFE00EEF8521E851A22D9CD80B5188FBDC9F5A10279236","04_legacy_screenshots\tix_editor\2026-06-12_editor_audit\119_timezone_down.png","04_legacy_screenshots\tix_editor\2026-06-12_editor_audit\120_timezone_focus_down.png","99_archive_duplicates\exact_hash_duplicates\04_legacy_screenshots\tix_editor\2026-06-12_editor_audit\120_timezone_focus_down.png"
"7124F35A450E0BEE6456ABAEA2B789827263D6879B34830B228778FEF52DBC2D","04_legacy_screenshots\tix_editor\2026-06-12_editor_audit\126_before_add_session.png","04_legacy_screenshots\tix_editor\2026-06-12_editor_audit\127_add_session_active.png","99_archive_duplicates\exact_hash_duplicates\04_legacy_screenshots\tix_editor\2026-06-12_editor_audit\127_add_session_active.png"
"7124F35A450E0BEE6456ABAEA2B789827263D6879B34830B228778FEF52DBC2D","04_legacy_screenshots\tix_editor\2026-06-12_editor_audit\126_before_add_session.png","04_legacy_screenshots\tix_editor\2026-06-12_editor_audit\128_after_next_or_tab.png","99_archive_duplicates\exact_hash_duplicates\04_legacy_screenshots\tix_editor\2026-06-12_editor_audit\128_after_next_or_tab.png"
"5F056DC9156C3E649376E6CC759C6A3A7B5051071E6D50E1C0F70A12FE337E47","04_legacy_screenshots\tix_editor\2026-06-12_editor_audit\137_add_session_from_session_plus.png","04_legacy_screenshots\tix_editor\2026-06-12_editor_audit\138_quota_unchecked.png","99_archive_duplicates\exact_hash_duplicates\04_legacy_screenshots\tix_editor\2026-06-12_editor_audit\138_quota_unchecked.png"
"78F15085F58A36BCC6A62697CC2C29E9668E2B626F153D31C7938A5894EF7B0B","04_legacy_screenshots\tix_editor\2026-06-12_editor_audit\141_quota_after_ok.png","04_legacy_screenshots\tix_editor\2026-06-12_editor_audit\142_click_quota_label.png","99_archive_duplicates\exact_hash_duplicates\04_legacy_screenshots\tix_editor\2026-06-12_editor_audit\142_click_quota_label.png"
"81736EE9D3B32B7B4EEF257FF9E7BD34323BF2BB5D81F3DB33D3D89F81879E9C","04_legacy_screenshots\tix_editor\2026-06-12_editor_audit\28_role_operator_selected.png","04_legacy_screenshots\tix_editor\2026-06-12_editor_audit\29_operator_password_entered.png","99_archive_duplicates\exact_hash_duplicates\04_legacy_screenshots\tix_editor\2026-06-12_editor_audit\29_operator_password_entered.png"
"9417FB932CDCAFF77B9FA377F1E88519903A6E1DCB1877A99F681F467FC778AD","04_legacy_screenshots\tix_editor\2026-06-12_editor_audit\38_current_after_xwininfo.png","04_legacy_screenshots\tix_editor\2026-06-12_editor_audit\39_event_org_selected.png","99_archive_duplicates\exact_hash_duplicates\04_legacy_screenshots\tix_editor\2026-06-12_editor_audit\39_event_org_selected.png"
"C35F4C10966F69BAF04B15DBAF7AC6ED75C8B9930B60A19518D031599EB94AA1","04_legacy_screenshots\tix_editor\2026-06-12_editor_audit\41_role_doubleclick.png","04_legacy_screenshots\tix_editor\2026-06-12_editor_audit\42_role_f4.png","99_archive_duplicates\exact_hash_duplicates\04_legacy_screenshots\tix_editor\2026-06-12_editor_audit\42_role_f4.png"
"0A8EC7F2752D285E1C075EC2FA34E97E5E6DCEFF5BACD610ADD1DEC0F6D14836","04_legacy_screenshots\tix_editor\2026-06-12_editor_audit\49_role_space.png","04_legacy_screenshots\tix_editor\2026-06-12_editor_audit\50_alt_down_focus_role.png","99_archive_duplicates\exact_hash_duplicates\04_legacy_screenshots\tix_editor\2026-06-12_editor_audit\50_alt_down_focus_role.png"
"E44680B4735C421A0E9EEAD115A9987EC298DAEC395A3E8ABB8584E34408606D","04_legacy_screenshots\tix_editor\2026-06-12_editor_audit\55_role_after_down_from_operator.png","04_legacy_screenshots\tix_editor\2026-06-12_editor_audit\56_error_after_enter.png","99_archive_duplicates\exact_hash_duplicates\04_legacy_screenshots\tix_editor\2026-06-12_editor_audit\56_error_after_enter.png"
"C53C508D4D2D9CA5ECA0369FD3C0A9BC6700D88958D9F6C7E75824AE1B6A6A42","04_legacy_screenshots\tix_editor\2026-06-12_editor_audit\60_close_error_x.png","04_legacy_screenshots\tix_editor\2026-06-12_editor_audit\61_error_closed_by_activate.png","99_archive_duplicates\exact_hash_duplicates\04_legacy_screenshots\tix_editor\2026-06-12_editor_audit\61_error_closed_by_activate.png"
"97B8A6C617018417402FB036C8AD6021A20BCB5004D0ED33FBD0763E2719E156","04_legacy_screenshots\tix_editor\2026-06-12_editor_audit\64_role_arrow_click_after_error.png","04_legacy_screenshots\tix_editor\2026-06-12_editor_audit\65_role_f4_attempt.png","99_archive_duplicates\exact_hash_duplicates\04_legacy_screenshots\tix_editor\2026-06-12_editor_audit\65_role_f4_attempt.png"
"58273F976FA3932F74CAD0EEE6A466BDAB4C7B40E32827CBD737DD075A25A830","04_legacy_screenshots\tix_manager\2026-06-11_manager_audit\01_acquiring.png","04_legacy_screenshots\tix_manager\2026-06-11_manager_audit\02_fiscal_data.png","99_archive_duplicates\exact_hash_duplicates\04_legacy_screenshots\tix_manager\2026-06-11_manager_audit\02_fiscal_data.png"
"7235A58DCFC4BB5CBAA2E93325AB2BFF4ED1C88B9F7A81EE9095185C58B16D88","04_legacy_screenshots\tix_manager\2026-06-11_manager_audit\09_frontends_operators.png","04_legacy_screenshots\tix_manager\2026-06-11_manager_audit\15_frontends_operator_dropdown_open.png","99_archive_duplicates\exact_hash_duplicates\04_legacy_screenshots\tix_manager\2026-06-11_manager_audit\15_frontends_operator_dropdown_open.png"
"797167860D0C931546355C28BBC48E9B57925C595E8DE426B9A4E9CE868C8BA8","04_legacy_screenshots\tix_manager\2026-06-11_manager_audit\17_frontends_operator_field_dropdown.png","04_legacy_screenshots\tix_manager\2026-06-11_manager_audit\18_frontends_operators_clean.png","99_archive_duplicates\exact_hash_duplicates\04_legacy_screenshots\tix_manager\2026-06-11_manager_audit\18_frontends_operators_clean.png"
"42C1203CFF7FD7AD7BBD9DDA769EA5A7305E95707F5B9B14EC337F3E710A8223","04_legacy_screenshots\tix_manager\2026-06-11_manager_audit\19_frontends_operator_dropdown_list.png","04_legacy_screenshots\tix_manager\2026-06-11_manager_audit\19_try_1192.png","99_archive_duplicates\exact_hash_duplicates\04_legacy_screenshots\tix_manager\2026-06-11_manager_audit\19_try_1192.png"
"42C1203CFF7FD7AD7BBD9DDA769EA5A7305E95707F5B9B14EC337F3E710A8223","04_legacy_screenshots\tix_manager\2026-06-11_manager_audit\19_frontends_operator_dropdown_list.png","04_legacy_screenshots\tix_manager\2026-06-11_manager_audit\19_try_1208.png","99_archive_duplicates\exact_hash_duplicates\04_legacy_screenshots\tix_manager\2026-06-11_manager_audit\19_try_1208.png"
"D64BEF49462B0917A41E178A54C9974D62897C3CCE8DD850C27A920F7F4BD005","04_legacy_screenshots\tix_manager\2026-06-11_manager_audit\19_try_1220.png","04_legacy_screenshots\tix_manager\2026-06-11_manager_audit\19_try_1230.png","99_archive_duplicates\exact_hash_duplicates\04_legacy_screenshots\tix_manager\2026-06-11_manager_audit\19_try_1230.png"
"DACD1B97F38A5C5E161FF665A32599DD705435DB8677BE28BD9BFF84DD6CDAB2","04_legacy_screenshots\tix_manager\2026-06-11_manager_audit\21_tab_frontends.png","04_legacy_screenshots\tix_manager\2026-06-11_manager_audit\22_tab_acquiring.png","99_archive_duplicates\exact_hash_duplicates\04_legacy_screenshots\tix_manager\2026-06-11_manager_audit\22_tab_acquiring.png"
"DACD1B97F38A5C5E161FF665A32599DD705435DB8677BE28BD9BFF84DD6CDAB2","04_legacy_screenshots\tix_manager\2026-06-11_manager_audit\21_tab_frontends.png","04_legacy_screenshots\tix_manager\2026-06-11_manager_audit\23_tab_fiscal_data.png","99_archive_duplicates\exact_hash_duplicates\04_legacy_screenshots\tix_manager\2026-06-11_manager_audit\23_tab_fiscal_data.png"
"DACD1B97F38A5C5E161FF665A32599DD705435DB8677BE28BD9BFF84DD6CDAB2","04_legacy_screenshots\tix_manager\2026-06-11_manager_audit\21_tab_frontends.png","04_legacy_screenshots\tix_manager\2026-06-11_manager_audit\24_tab_subscriptions.png","99_archive_duplicates\exact_hash_duplicates\04_legacy_screenshots\tix_manager\2026-06-11_manager_audit\24_tab_subscriptions.png"
"DACD1B97F38A5C5E161FF665A32599DD705435DB8677BE28BD9BFF84DD6CDAB2","04_legacy_screenshots\tix_manager\2026-06-11_manager_audit\21_tab_frontends.png","04_legacy_screenshots\tix_manager\2026-06-11_manager_audit\25_tab_widget.png","99_archive_duplicates\exact_hash_duplicates\04_legacy_screenshots\tix_manager\2026-06-11_manager_audit\25_tab_widget.png"
"DACD1B97F38A5C5E161FF665A32599DD705435DB8677BE28BD9BFF84DD6CDAB2","04_legacy_screenshots\tix_manager\2026-06-11_manager_audit\21_tab_frontends.png","04_legacy_screenshots\tix_manager\2026-06-11_manager_audit\26_tab_notifications.png","99_archive_duplicates\exact_hash_duplicates\04_legacy_screenshots\tix_manager\2026-06-11_manager_audit\26_tab_notifications.png"
"DACD1B97F38A5C5E161FF665A32599DD705435DB8677BE28BD9BFF84DD6CDAB2","04_legacy_screenshots\tix_manager\2026-06-11_manager_audit\21_tab_frontends.png","04_legacy_screenshots\tix_manager\2026-06-11_manager_audit\27_tab_news.png","99_archive_duplicates\exact_hash_duplicates\04_legacy_screenshots\tix_manager\2026-06-11_manager_audit\27_tab_news.png"
"DACD1B97F38A5C5E161FF665A32599DD705435DB8677BE28BD9BFF84DD6CDAB2","04_legacy_screenshots\tix_manager\2026-06-11_manager_audit\21_tab_frontends.png","04_legacy_screenshots\tix_manager\2026-06-11_manager_audit\28_tab_mfc.png","99_archive_duplicates\exact_hash_duplicates\04_legacy_screenshots\tix_manager\2026-06-11_manager_audit\28_tab_mfc.png"
"4E0EE8411AFA3D4CD5B729285D5B0CDD581CB3BDAE98A1445B2054F4B00FEFB9","04_legacy_screenshots\tix_manager\2026-06-11_manager_audit\29_frontends.png","04_legacy_screenshots\tix_manager\2026-06-11_manager_audit\30_acquiring.png","99_archive_duplicates\exact_hash_duplicates\04_legacy_screenshots\tix_manager\2026-06-11_manager_audit\30_acquiring.png"
"4E0EE8411AFA3D4CD5B729285D5B0CDD581CB3BDAE98A1445B2054F4B00FEFB9","04_legacy_screenshots\tix_manager\2026-06-11_manager_audit\29_frontends.png","04_legacy_screenshots\tix_manager\2026-06-11_manager_audit\31_fiscal.png","99_archive_duplicates\exact_hash_duplicates\04_legacy_screenshots\tix_manager\2026-06-11_manager_audit\31_fiscal.png"
"4E0EE8411AFA3D4CD5B729285D5B0CDD581CB3BDAE98A1445B2054F4B00FEFB9","04_legacy_screenshots\tix_manager\2026-06-11_manager_audit\29_frontends.png","04_legacy_screenshots\tix_manager\2026-06-11_manager_audit\32_subscriptions.png","99_archive_duplicates\exact_hash_duplicates\04_legacy_screenshots\tix_manager\2026-06-11_manager_audit\32_subscriptions.png"
"4E0EE8411AFA3D4CD5B729285D5B0CDD581CB3BDAE98A1445B2054F4B00FEFB9","04_legacy_screenshots\tix_manager\2026-06-11_manager_audit\29_frontends.png","04_legacy_screenshots\tix_manager\2026-06-11_manager_audit\33_widget.png","99_archive_duplicates\exact_hash_duplicates\04_legacy_screenshots\tix_manager\2026-06-11_manager_audit\33_widget.png"
"4E0EE8411AFA3D4CD5B729285D5B0CDD581CB3BDAE98A1445B2054F4B00FEFB9","04_legacy_screenshots\tix_manager\2026-06-11_manager_audit\29_frontends.png","04_legacy_screenshots\tix_manager\2026-06-11_manager_audit\34_notifications.png","99_archive_duplicates\exact_hash_duplicates\04_legacy_screenshots\tix_manager\2026-06-11_manager_audit\34_notifications.png"
"4E0EE8411AFA3D4CD5B729285D5B0CDD581CB3BDAE98A1445B2054F4B00FEFB9","04_legacy_screenshots\tix_manager\2026-06-11_manager_audit\29_frontends.png","04_legacy_screenshots\tix_manager\2026-06-11_manager_audit\35_news.png","99_archive_duplicates\exact_hash_duplicates\04_legacy_screenshots\tix_manager\2026-06-11_manager_audit\35_news.png"
"4E0EE8411AFA3D4CD5B729285D5B0CDD581CB3BDAE98A1445B2054F4B00FEFB9","04_legacy_screenshots\tix_manager\2026-06-11_manager_audit\29_frontends.png","04_legacy_screenshots\tix_manager\2026-06-11_manager_audit\36_mfc.png","99_archive_duplicates\exact_hash_duplicates\04_legacy_screenshots\tix_manager\2026-06-11_manager_audit\36_mfc.png"
"4E0EE8411AFA3D4CD5B729285D5B0CDD581CB3BDAE98A1445B2054F4B00FEFB9","04_legacy_screenshots\tix_manager\2026-06-11_manager_audit\29_frontends.png","04_legacy_screenshots\tix_manager\2026-06-11_manager_audit\37_operators.png","99_archive_duplicates\exact_hash_duplicates\04_legacy_screenshots\tix_manager\2026-06-11_manager_audit\37_operators.png"
"4E0EE8411AFA3D4CD5B729285D5B0CDD581CB3BDAE98A1445B2054F4B00FEFB9","04_legacy_screenshots\tix_manager\2026-06-11_manager_audit\29_frontends.png","04_legacy_screenshots\tix_manager\2026-06-11_manager_audit\38_event_organizers.png","99_archive_duplicates\exact_hash_duplicates\04_legacy_screenshots\tix_manager\2026-06-11_manager_audit\38_event_organizers.png"
"4E0EE8411AFA3D4CD5B729285D5B0CDD581CB3BDAE98A1445B2054F4B00FEFB9","04_legacy_screenshots\tix_manager\2026-06-11_manager_audit\29_frontends.png","04_legacy_screenshots\tix_manager\2026-06-11_manager_audit\39_trusted_agents.png","99_archive_duplicates\exact_hash_duplicates\04_legacy_screenshots\tix_manager\2026-06-11_manager_audit\39_trusted_agents.png"
"4E0EE8411AFA3D4CD5B729285D5B0CDD581CB3BDAE98A1445B2054F4B00FEFB9","04_legacy_screenshots\tix_manager\2026-06-11_manager_audit\29_frontends.png","04_legacy_screenshots\tix_manager\2026-06-11_manager_audit\40_connections_ets.png","99_archive_duplicates\exact_hash_duplicates\04_legacy_screenshots\tix_manager\2026-06-11_manager_audit\40_connections_ets.png"
"4E0EE8411AFA3D4CD5B729285D5B0CDD581CB3BDAE98A1445B2054F4B00FEFB9","04_legacy_screenshots\tix_manager\2026-06-11_manager_audit\29_frontends.png","04_legacy_screenshots\tix_manager\2026-06-11_manager_audit\41_promotions.png","99_archive_duplicates\exact_hash_duplicates\04_legacy_screenshots\tix_manager\2026-06-11_manager_audit\41_promotions.png"
"4E0EE8411AFA3D4CD5B729285D5B0CDD581CB3BDAE98A1445B2054F4B00FEFB9","04_legacy_screenshots\tix_manager\2026-06-11_manager_audit\29_frontends.png","04_legacy_screenshots\tix_manager\2026-06-11_manager_audit\42_agents.png","99_archive_duplicates\exact_hash_duplicates\04_legacy_screenshots\tix_manager\2026-06-11_manager_audit\42_agents.png"
"4E0EE8411AFA3D4CD5B729285D5B0CDD581CB3BDAE98A1445B2054F4B00FEFB9","04_legacy_screenshots\tix_manager\2026-06-11_manager_audit\29_frontends.png","04_legacy_screenshots\tix_manager\2026-06-11_manager_audit\manager_current_for_tabs.png","99_archive_duplicates\exact_hash_duplicates\04_legacy_screenshots\tix_manager\2026-06-11_manager_audit\manager_current_for_tabs.png"
"4ADBAB56BB4C7A10B544616E13248ECD575BD49ADAD33B6CCD5E6DB3EA7044EE","04_legacy_screenshots\tix_manager\2026-06-11_manager_audit\before_manager_login.png","04_legacy_screenshots\tix_manager\2026-06-11_manager_audit\tz_click_1.png","99_archive_duplicates\exact_hash_duplicates\04_legacy_screenshots\tix_manager\2026-06-11_manager_audit\tz_click_1.png"
"CBDABD162995DABFBEEE4175153CAF6CDDC7FD882AF2C62108FE1EC7AA0E2236","04_legacy_screenshots\tix_manager\2026-06-11_manager_audit\cassa_altz_step2.png","04_legacy_screenshots\tix_manager\2026-06-11_manager_audit\role_dropdown_open.png","99_archive_duplicates\exact_hash_duplicates\04_legacy_screenshots\tix_manager\2026-06-11_manager_audit\role_dropdown_open.png"
"FEE1D4B7CFA065875067EDD0F4758CA8F074E8711CADA41E52931BC40E5AD66D","04_legacy_screenshots\tix_manager\2026-06-11_manager_audit\cassa_leftbottom_click.png","04_legacy_screenshots\tix_manager\2026-06-11_manager_audit\current_before_leftbottom.png","99_archive_duplicates\exact_hash_duplicates\04_legacy_screenshots\tix_manager\2026-06-11_manager_audit\current_before_leftbottom.png"
"791C026F7D809EE8435506401734C73C7F65982CF5B4044BEFEA207FF920BF11","04_legacy_screenshots\tix_manager\2026-06-11_manager_audit\cassa_login_try.png","04_legacy_screenshots\tix_manager\2026-06-11_manager_audit\editor_role_menu.png","99_archive_duplicates\exact_hash_duplicates\04_legacy_screenshots\tix_manager\2026-06-11_manager_audit\editor_role_menu.png"
"C90D02A9985F5DB6D47AC1908F37EB5BEDEA0058679FF703FB72D7D9EE61600A","04_legacy_screenshots\tix_manager\2026-06-11_manager_audit\cassa_role_alt_down.png","04_legacy_screenshots\tix_manager\2026-06-11_manager_audit\cassa_role_down1.png","99_archive_duplicates\exact_hash_duplicates\04_legacy_screenshots\tix_manager\2026-06-11_manager_audit\cassa_role_down1.png"
"EE4F9538277CFDC077B9AC15C78B344E9EA774C772B7AA79BA0F990FBFF4F322","04_legacy_screenshots\tix_manager\2026-06-11_manager_audit\editor_after_cleanup.png","04_legacy_screenshots\tix_manager\2026-06-11_manager_audit\editor_clean_auth.png","99_archive_duplicates\exact_hash_duplicates\04_legacy_screenshots\tix_manager\2026-06-11_manager_audit\editor_clean_auth.png"
"9C716F7FEDF0AF29B6DC1329933BD6E4554D4B513A0C1FF95208B5BBDD05ACF3","04_legacy_screenshots\tix_manager\2026-06-11_manager_audit\editor_altz.png","04_legacy_screenshots\tix_manager\2026-06-11_manager_audit\editor_auth_current.png","99_archive_duplicates\exact_hash_duplicates\04_legacy_screenshots\tix_manager\2026-06-11_manager_audit\editor_auth_current.png"
"3D54ABDA54ECEF329019309D2637F7F1AA6E450D62DAE23FFC6FE0075DBBD56A","04_legacy_screenshots\tix_manager\2026-06-11_manager_audit\editor_clipboard_paste.png","04_legacy_screenshots\tix_manager\2026-06-11_manager_audit\editor_type_window.png","99_archive_duplicates\exact_hash_duplicates\04_legacy_screenshots\tix_manager\2026-06-11_manager_audit\editor_type_window.png"
"5879197AD0566CE1E1BCA6F62E2FD61EA034D4987CBCD29B26B33E6A800C25BE","04_legacy_screenshots\tix_manager\2026-06-11_manager_audit\editor_eventorg_login.png","04_legacy_screenshots\tix_manager\2026-06-11_manager_audit\editor_password_tab_try.png","99_archive_duplicates\exact_hash_duplicates\04_legacy_screenshots\tix_manager\2026-06-11_manager_audit\editor_password_tab_try.png"
"00D7F58D35995AB044815A26B58858F8DCF8427BF4343585883BA3A6C173E114","04_legacy_screenshots\tix_manager\2026-06-11_manager_audit\editor_focus_altz.png","04_legacy_screenshots\tix_manager\2026-06-11_manager_audit\editor_raised.png","99_archive_duplicates\exact_hash_duplicates\04_legacy_screenshots\tix_manager\2026-06-11_manager_audit\editor_raised.png"
"7ACA31DB7C97CE23257C8FF3B07965D8BFEBE5B0B51ADCCBF5248E8338799F3A","04_legacy_screenshots\tix_manager\2026-06-11_manager_audit\editor_front.png","04_legacy_screenshots\tix_manager\2026-06-11_manager_audit\editor_tz_marker.png","99_archive_duplicates\exact_hash_duplicates\04_legacy_screenshots\tix_manager\2026-06-11_manager_audit\editor_tz_marker.png"
"5C70AEAF47B61A1592DC4E786E6E8C2BB0D0F847FB0DFE91FD685E299E27BC15","04_legacy_screenshots\tix_manager\2026-06-11_manager_audit\editor_password_probe.png","04_legacy_screenshots\tix_manager\2026-06-11_manager_audit\editor_tab_focus1.png","99_archive_duplicates\exact_hash_duplicates\04_legacy_screenshots\tix_manager\2026-06-11_manager_audit\editor_tab_focus1.png"
"5C70AEAF47B61A1592DC4E786E6E8C2BB0D0F847FB0DFE91FD685E299E27BC15","04_legacy_screenshots\tix_manager\2026-06-11_manager_audit\editor_password_probe.png","04_legacy_screenshots\tix_manager\2026-06-11_manager_audit\editor_tab_focus2.png","99_archive_duplicates\exact_hash_duplicates\04_legacy_screenshots\tix_manager\2026-06-11_manager_audit\editor_tab_focus2.png"
"8A32F84234CE756A99CCF0DEB50271D9CCACA7A0C901C578BFC9969AB5C19B7C","04_legacy_screenshots\tix_manager\2026-06-11_manager_audit\grid_y_276.png","04_legacy_screenshots\tix_manager\2026-06-11_manager_audit\grid_y_280.png","99_archive_duplicates\exact_hash_duplicates\04_legacy_screenshots\tix_manager\2026-06-11_manager_audit\grid_y_280.png"
"8A32F84234CE756A99CCF0DEB50271D9CCACA7A0C901C578BFC9969AB5C19B7C","04_legacy_screenshots\tix_manager\2026-06-11_manager_audit\grid_y_276.png","04_legacy_screenshots\tix_manager\2026-06-11_manager_audit\grid_y_284.png","99_archive_duplicates\exact_hash_duplicates\04_legacy_screenshots\tix_manager\2026-06-11_manager_audit\grid_y_284.png"
"8A32F84234CE756A99CCF0DEB50271D9CCACA7A0C901C578BFC9969AB5C19B7C","04_legacy_screenshots\tix_manager\2026-06-11_manager_audit\grid_y_276.png","04_legacy_screenshots\tix_manager\2026-06-11_manager_audit\grid_y_288.png","99_archive_duplicates\exact_hash_duplicates\04_legacy_screenshots\tix_manager\2026-06-11_manager_audit\grid_y_288.png"
"8A32F84234CE756A99CCF0DEB50271D9CCACA7A0C901C578BFC9969AB5C19B7C","04_legacy_screenshots\tix_manager\2026-06-11_manager_audit\grid_y_276.png","04_legacy_screenshots\tix_manager\2026-06-11_manager_audit\grid_y_292.png","99_archive_duplicates\exact_hash_duplicates\04_legacy_screenshots\tix_manager\2026-06-11_manager_audit\grid_y_292.png"
"8A32F84234CE756A99CCF0DEB50271D9CCACA7A0C901C578BFC9969AB5C19B7C","04_legacy_screenshots\tix_manager\2026-06-11_manager_audit\grid_y_276.png","04_legacy_screenshots\tix_manager\2026-06-11_manager_audit\grid_y_296.png","99_archive_duplicates\exact_hash_duplicates\04_legacy_screenshots\tix_manager\2026-06-11_manager_audit\grid_y_296.png"
"8A32F84234CE756A99CCF0DEB50271D9CCACA7A0C901C578BFC9969AB5C19B7C","04_legacy_screenshots\tix_manager\2026-06-11_manager_audit\grid_y_276.png","04_legacy_screenshots\tix_manager\2026-06-11_manager_audit\grid_y_300.png","99_archive_duplicates\exact_hash_duplicates\04_legacy_screenshots\tix_manager\2026-06-11_manager_audit\grid_y_300.png"
"373238D4A1C11A4181F834331086081E7370B8A2A62A1A547B6F1392EE774225","04_legacy_screenshots\tix_manager\2026-06-11_manager_audit\manager_clean_after_errors.png","04_legacy_screenshots\tix_manager\2026-06-11_manager_audit\manager_error_windowclosed.png","99_archive_duplicates\exact_hash_duplicates\04_legacy_screenshots\tix_manager\2026-06-11_manager_audit\manager_error_windowclosed.png"
"373238D4A1C11A4181F834331086081E7370B8A2A62A1A547B6F1392EE774225","04_legacy_screenshots\tix_manager\2026-06-11_manager_audit\manager_clean_after_errors.png","04_legacy_screenshots\tix_manager\2026-06-11_manager_audit\manager_final_clean.png","99_archive_duplicates\exact_hash_duplicates\04_legacy_screenshots\tix_manager\2026-06-11_manager_audit\manager_final_clean.png"
"5814B04279896AB614E9C37A063C00862C389775B19EC3311FBC008C23854703","04_legacy_screenshots\tix_manager\2026-06-11_manager_audit\operator_probe_1188.png","04_legacy_screenshots\tix_manager\2026-06-11_manager_audit\operator_probe_1200.png","99_archive_duplicates\exact_hash_duplicates\04_legacy_screenshots\tix_manager\2026-06-11_manager_audit\operator_probe_1200.png"
"5814B04279896AB614E9C37A063C00862C389775B19EC3311FBC008C23854703","04_legacy_screenshots\tix_manager\2026-06-11_manager_audit\operator_probe_1188.png","04_legacy_screenshots\tix_manager\2026-06-11_manager_audit\operator_probe_1212.png","99_archive_duplicates\exact_hash_duplicates\04_legacy_screenshots\tix_manager\2026-06-11_manager_audit\operator_probe_1212.png"
"5814B04279896AB614E9C37A063C00862C389775B19EC3311FBC008C23854703","04_legacy_screenshots\tix_manager\2026-06-11_manager_audit\operator_probe_1188.png","04_legacy_screenshots\tix_manager\2026-06-11_manager_audit\operator_probe_1224.png","99_archive_duplicates\exact_hash_duplicates\04_legacy_screenshots\tix_manager\2026-06-11_manager_audit\operator_probe_1224.png"
"5814B04279896AB614E9C37A063C00862C389775B19EC3311FBC008C23854703","04_legacy_screenshots\tix_manager\2026-06-11_manager_audit\operator_probe_1188.png","04_legacy_screenshots\tix_manager\2026-06-11_manager_audit\operator_probe_1236.png","99_archive_duplicates\exact_hash_duplicates\04_legacy_screenshots\tix_manager\2026-06-11_manager_audit\operator_probe_1236.png"
"5814B04279896AB614E9C37A063C00862C389775B19EC3311FBC008C23854703","04_legacy_screenshots\tix_manager\2026-06-11_manager_audit\operator_probe_1188.png","04_legacy_screenshots\tix_manager\2026-06-11_manager_audit\operator_probe_1248.png","99_archive_duplicates\exact_hash_duplicates\04_legacy_screenshots\tix_manager\2026-06-11_manager_audit\operator_probe_1248.png"
"5814B04279896AB614E9C37A063C00862C389775B19EC3311FBC008C23854703","04_legacy_screenshots\tix_manager\2026-06-11_manager_audit\operator_probe_1188.png","04_legacy_screenshots\tix_manager\2026-06-11_manager_audit\operator_probe_1260.png","99_archive_duplicates\exact_hash_duplicates\04_legacy_screenshots\tix_manager\2026-06-11_manager_audit\operator_probe_1260.png"
"6404DBB3C828626E018669378250AE40800CC53F69840665784B336016D743E5","04_legacy_screenshots\tix_manager\2026-06-11_manager_audit\plus_probe_1208.png","04_legacy_screenshots\tix_manager\2026-06-11_manager_audit\plus_probe_1212.png","99_archive_duplicates\exact_hash_duplicates\04_legacy_screenshots\tix_manager\2026-06-11_manager_audit\plus_probe_1212.png"
"6404DBB3C828626E018669378250AE40800CC53F69840665784B336016D743E5","04_legacy_screenshots\tix_manager\2026-06-11_manager_audit\plus_probe_1208.png","04_legacy_screenshots\tix_manager\2026-06-11_manager_audit\plus_probe_1216.png","99_archive_duplicates\exact_hash_duplicates\04_legacy_screenshots\tix_manager\2026-06-11_manager_audit\plus_probe_1216.png"
"6404DBB3C828626E018669378250AE40800CC53F69840665784B336016D743E5","04_legacy_screenshots\tix_manager\2026-06-11_manager_audit\plus_probe_1208.png","04_legacy_screenshots\tix_manager\2026-06-11_manager_audit\plus_probe_1220.png","99_archive_duplicates\exact_hash_duplicates\04_legacy_screenshots\tix_manager\2026-06-11_manager_audit\plus_probe_1220.png"
"49A8B40707B59D4E434407F55DA086A64EFE0E04D7B4DC3430B2EEC11DFCD600","04_legacy_screenshots\tix_manager\2026-06-11_manager_audit\plus_probe_1224.png","04_legacy_screenshots\tix_manager\2026-06-11_manager_audit\plus_probe_1228.png","99_archive_duplicates\exact_hash_duplicates\04_legacy_screenshots\tix_manager\2026-06-11_manager_audit\plus_probe_1228.png"
"49A8B40707B59D4E434407F55DA086A64EFE0E04D7B4DC3430B2EEC11DFCD600","04_legacy_screenshots\tix_manager\2026-06-11_manager_audit\plus_probe_1224.png","04_legacy_screenshots\tix_manager\2026-06-11_manager_audit\plus_probe_1232.png","99_archive_duplicates\exact_hash_duplicates\04_legacy_screenshots\tix_manager\2026-06-11_manager_audit\plus_probe_1232.png"
"49A8B40707B59D4E434407F55DA086A64EFE0E04D7B4DC3430B2EEC11DFCD600","04_legacy_screenshots\tix_manager\2026-06-11_manager_audit\plus_probe_1224.png","04_legacy_screenshots\tix_manager\2026-06-11_manager_audit\plus_probe_1236.png","99_archive_duplicates\exact_hash_duplicates\04_legacy_screenshots\tix_manager\2026-06-11_manager_audit\plus_probe_1236.png"
"49A8B40707B59D4E434407F55DA086A64EFE0E04D7B4DC3430B2EEC11DFCD600","04_legacy_screenshots\tix_manager\2026-06-11_manager_audit\plus_probe_1224.png","04_legacy_screenshots\tix_manager\2026-06-11_manager_audit\plus_probe_1240.png","99_archive_duplicates\exact_hash_duplicates\04_legacy_screenshots\tix_manager\2026-06-11_manager_audit\plus_probe_1240.png"
"E08D19E5AEAE7CB6BED69742D836D4379DF284EC4561B70B13AA20A25F572623","04_legacy_screenshots\tix_manager\2026-06-11_manager_audit\probe_y_276.png","04_legacy_screenshots\tix_manager\2026-06-11_manager_audit\probe_y_280.png","99_archive_duplicates\exact_hash_duplicates\04_legacy_screenshots\tix_manager\2026-06-11_manager_audit\probe_y_280.png"
"E08D19E5AEAE7CB6BED69742D836D4379DF284EC4561B70B13AA20A25F572623","04_legacy_screenshots\tix_manager\2026-06-11_manager_audit\probe_y_276.png","04_legacy_screenshots\tix_manager\2026-06-11_manager_audit\probe_y_284.png","99_archive_duplicates\exact_hash_duplicates\04_legacy_screenshots\tix_manager\2026-06-11_manager_audit\probe_y_284.png"
"E08D19E5AEAE7CB6BED69742D836D4379DF284EC4561B70B13AA20A25F572623","04_legacy_screenshots\tix_manager\2026-06-11_manager_audit\probe_y_276.png","04_legacy_screenshots\tix_manager\2026-06-11_manager_audit\probe_y_288.png","99_archive_duplicates\exact_hash_duplicates\04_legacy_screenshots\tix_manager\2026-06-11_manager_audit\probe_y_288.png"
"E08D19E5AEAE7CB6BED69742D836D4379DF284EC4561B70B13AA20A25F572623","04_legacy_screenshots\tix_manager\2026-06-11_manager_audit\probe_y_276.png","04_legacy_screenshots\tix_manager\2026-06-11_manager_audit\probe_y_292.png","99_archive_duplicates\exact_hash_duplicates\04_legacy_screenshots\tix_manager\2026-06-11_manager_audit\probe_y_292.png"
"E08D19E5AEAE7CB6BED69742D836D4379DF284EC4561B70B13AA20A25F572623","04_legacy_screenshots\tix_manager\2026-06-11_manager_audit\probe_y_276.png","04_legacy_screenshots\tix_manager\2026-06-11_manager_audit\probe_y_300.png","99_archive_duplicates\exact_hash_duplicates\04_legacy_screenshots\tix_manager\2026-06-11_manager_audit\probe_y_300.png"
"E08D19E5AEAE7CB6BED69742D836D4379DF284EC4561B70B13AA20A25F572623","04_legacy_screenshots\tix_manager\2026-06-11_manager_audit\probe_y_276.png","04_legacy_screenshots\tix_manager\2026-06-11_manager_audit\probe_y_308.png","99_archive_duplicates\exact_hash_duplicates\04_legacy_screenshots\tix_manager\2026-06-11_manager_audit\probe_y_308.png"
"6245B76A618559BA7F3982A3F820AB957D3C62B413CFDEDF7E15C84E030D8827","04_legacy_screenshots\tix_manager\2026-06-11_manager_audit\tab_Acquiring.png","04_legacy_screenshots\tix_manager\2026-06-11_manager_audit\tab_Fiscal.png","99_archive_duplicates\exact_hash_duplicates\04_legacy_screenshots\tix_manager\2026-06-11_manager_audit\tab_Fiscal.png"
"6245B76A618559BA7F3982A3F820AB957D3C62B413CFDEDF7E15C84E030D8827","04_legacy_screenshots\tix_manager\2026-06-11_manager_audit\tab_Acquiring.png","04_legacy_screenshots\tix_manager\2026-06-11_manager_audit\tab_Frontends.png","99_archive_duplicates\exact_hash_duplicates\04_legacy_screenshots\tix_manager\2026-06-11_manager_audit\tab_Frontends.png"
"6245B76A618559BA7F3982A3F820AB957D3C62B413CFDEDF7E15C84E030D8827","04_legacy_screenshots\tix_manager\2026-06-11_manager_audit\tab_Acquiring.png","04_legacy_screenshots\tix_manager\2026-06-11_manager_audit\tab_MFC.png","99_archive_duplicates\exact_hash_duplicates\04_legacy_screenshots\tix_manager\2026-06-11_manager_audit\tab_MFC.png"
"6245B76A618559BA7F3982A3F820AB957D3C62B413CFDEDF7E15C84E030D8827","04_legacy_screenshots\tix_manager\2026-06-11_manager_audit\tab_Acquiring.png","04_legacy_screenshots\tix_manager\2026-06-11_manager_audit\tab_News.png","99_archive_duplicates\exact_hash_duplicates\04_legacy_screenshots\tix_manager\2026-06-11_manager_audit\tab_News.png"
"6245B76A618559BA7F3982A3F820AB957D3C62B413CFDEDF7E15C84E030D8827","04_legacy_screenshots\tix_manager\2026-06-11_manager_audit\tab_Acquiring.png","04_legacy_screenshots\tix_manager\2026-06-11_manager_audit\tab_Notifications.png","99_archive_duplicates\exact_hash_duplicates\04_legacy_screenshots\tix_manager\2026-06-11_manager_audit\tab_Notifications.png"
"6245B76A618559BA7F3982A3F820AB957D3C62B413CFDEDF7E15C84E030D8827","04_legacy_screenshots\tix_manager\2026-06-11_manager_audit\tab_Acquiring.png","04_legacy_screenshots\tix_manager\2026-06-11_manager_audit\tab_Subscriptions.png","99_archive_duplicates\exact_hash_duplicates\04_legacy_screenshots\tix_manager\2026-06-11_manager_audit\tab_Subscriptions.png"
"6245B76A618559BA7F3982A3F820AB957D3C62B413CFDEDF7E15C84E030D8827","04_legacy_screenshots\tix_manager\2026-06-11_manager_audit\tab_Acquiring.png","04_legacy_screenshots\tix_manager\2026-06-11_manager_audit\tab_Widget.png","99_archive_duplicates\exact_hash_duplicates\04_legacy_screenshots\tix_manager\2026-06-11_manager_audit\tab_Widget.png"
"07F49C75421524A4DB0CEF8C4BC487D0E92F4B01828837C44D8C19B9E7116F6F","06_venue_maps_and_seating\svg_library\Brno.svg","06_venue_maps_and_seating\venue_maker_assets\Brno.svg","99_archive_duplicates\exact_hash_duplicates\06_venue_maps_and_seating\venue_maker_assets\Brno.svg"
"84CB65DC6B3163980CB541F7749D9FFD611851E87220945A9E69B4BAD0B2EB10","06_venue_maps_and_seating\svg_library\kings_horiz.svg","06_venue_maps_and_seating\venue_maker_assets\kings_horiz.svg","99_archive_duplicates\exact_hash_duplicates\06_venue_maps_and_seating\venue_maker_assets\kings_horiz.svg"
"0173A4FBCEB9DE0CBE3C9F7E6C4A4C6DFCD2DF628480EA5ACEB9D287CC6DF546","06_venue_maps_and_seating\svg_library\kings_vert.svg","06_venue_maps_and_seating\venue_maker_assets\kings_vert.svg","99_archive_duplicates\exact_hash_duplicates\06_venue_maps_and_seating\venue_maker_assets\kings_vert.svg"
"37B6B11555B7086483D7C2D3E7B45FB449F30B24DD4F7EC1CC686F762580753E","06_venue_maps_and_seating\svg_library\kuca.svg","06_venue_maps_and_seating\venue_maker_assets\kuca.svg","99_archive_duplicates\exact_hash_duplicates\06_venue_maps_and_seating\venue_maker_assets\kuca.svg"
"8A9EE8583FC7318CE76D2FE678855F46721089D790E73AA12189D11EFA5A6F78","06_venue_maps_and_seating\svg_library\La Plantación.svg","06_venue_maps_and_seating\venue_maker_assets\La Plantación.svg","99_archive_duplicates\exact_hash_duplicates\06_venue_maps_and_seating\venue_maker_assets\La Plantación.svg"
"517C0F6CAD9C36C09EDACAF96754C3F1919B88D857716D0F7F4B02AF6A39882A","06_venue_maps_and_seating\svg_library\merkin_hall.svg","06_venue_maps_and_seating\venue_maker_assets\merkin_hall.svg","99_archive_duplicates\exact_hash_duplicates\06_venue_maps_and_seating\venue_maker_assets\merkin_hall.svg"
"33B2B9AC5FA3BFE6BE402783F026BB0ED746972BA9A3DA5C33A58B0692B4ECFE","06_venue_maps_and_seating\svg_library\praque_kino_1.svg","06_venue_maps_and_seating\venue_maker_assets\kino_1.svg","99_archive_duplicates\exact_hash_duplicates\06_venue_maps_and_seating\venue_maker_assets\kino_1.svg"
"0466FBEC3CBB9512674D582B71CB5FEC95E98DE6ED9FD2836D493CFB4DF2E001","06_venue_maps_and_seating\svg_library\praque_kino_2.svg","06_venue_maps_and_seating\venue_maker_assets\kino_2.svg","99_archive_duplicates\exact_hash_duplicates\06_venue_maps_and_seating\venue_maker_assets\kino_2.svg"
